year,predicted_income
2023,43774.08932008571
2024,44602.554395308485
2026,46259.4845457538
2027,47087.94962097658
